Agency,Email
&RANJ,staff@ranj.nl
2manydots,management@2manydots.nl
Acato,info@acato.nl
Adwise - Your Digital Brain,marketing@adwise.nl
Afdeling Online,sanne@afdelingonline.nl
Alion,niels@alion.nl
Apperium,herbert@apperium.nl
Atabix,marketing@atabix.nl
AudienceFirst,niels@zuid.com
Axendo,martijn.beumers@axendo.nl
B.made,m.vandenijssel@bmade.nl
Beeldr,studio@beeldr.nl
Betawerk,martijn@betawerk.nl
BIG FAT Internet,Kevin@bigfat.nl
Bitfactory,info@bitfactory.nl
Blue Flamingos,hi@blueflamingos.nl
Bluenotion,jesse@bluenotion.nl
BOLD Digital,m.kroon@jdi.nl
Bolden,alonzo@bolden.nl
Bravoure,office@bravoure.nl
Bright Digital,info@brightdigital.com
Buro26,info@buro26.digital
CLEVERÂ°FRANKE,administration@cleverfranke.com
Conclusion Experience,bjorn.kellerman@conclusion.nl
Cube,job@cube.nl
De Nieuwe Zaak,hr@denieuwezaak.nl
DEPT,careers@nl.deptagency.com
Digital Impact,niels@digitalimpact.nl
Digital Natives,sander@digitalnatives.nl
DIJ,info@dij.digital
DotControl,sherina.krosing@dotcontrol.com
dpdk,pim.van.helten@dpdk.com
DPI,willem@dpi.nl
Driebit,folkwin@driebit.nl
Dutchwebdesign,marketing@dutchwebdesign.nl
Egeniq,jessica@egeniq.com
Elastique,info@elastique.nl
Elephant,info@elephantcs.nl
Elgentos,peterjaap@elgentos.nl
Emakina,e.dobbe@emakina.nl
Endeavour,alex.jong@endeavour.nl
Enrise,marketing@enrise.com
Every Day,info@every-day.nl
Exitable,info@exitable.nl
Fabrique,Eveline@fabrique.nl
Faraday,niels@fonk.amsterdam
Finalist,service@finalist.nl
Flink,info@flink.nl
fresk.digital,lisa@fresk.digital
Friday,press@webstores.nl
FRMWRK,talent@frmwrk.nl
Frontis/Perplex,marjolijn.doorenbosch-aerts@perplex.nl
Gracious,zakaria@graciousstudios.nl
Gravity,marco@gravity.nl
Greenberry,mariska.doppenberg@greenberry.nl
Handpicked,marketing@handpickedagencies.com
Happy Horizon,riemercoolen@happyhorizon.com
Harborn,marketing@harborn.com
Hike One,logins@hike.one
Hoppinger,HR@hoppinger.com
Human Digital,ruud.vanfalier@humandigital.nl
Ibuildings,sander@ibuildings.nl
ICATT,hanneke@icatt.nl
ICIT,tjongsma@icit.nl
IMPRES,info@impres.nl
Incentro,administratie@incentro.com
INFO,hoite@info.nl
Informaat experience design,Marcel.kosters@informaat.nl
Inventus Online,google@inventus.online
iO,marketing@iodigital.com
Jungle Minds,info@jungleminds.nl
Kaliber,nienke@kaliber.net
Keen Design,beheer@keen.design
Kega,marketing@kega.nl
Kemari,support@kemari.digital
Key Agency,jiska@keyagency.nl
Koos,noortje@koos.agency
Lab Digital,info@labdigital.nl
Lemone,steven.nijstad@lemone.com
Level Level,taeke@level-level.com
Lightbase,mathijs@lightbase.nl
LimoenGroen,hallo@limoengroen.nl
LINKIT,gino.heetkamp@linkit.nl
Linku,info@linku.nl
Lyfter,eric@lyfter.nl
Macaw,marketing@macaw.nl
MakerStreet,maike@makerstreet.nl
MaxServ,support@maxserv.com
MediaMonks,facility@monks.com
Moddit,simon@moddit.nl
Mooore Digital,info@mooore.nl
Move,ilse.brouwer@moveagency.com
MSML,info@msml.nl
Nedbase,jaap@nedbase.nl
New Story,marketing@newstory.nl
Nextly,tech@nextly.nl
NoBears,info@nobears.nl
NowOnline,leon.buiting@nowonline.nl
Ontwerpwerk,judith.boon@ontwerpwerk.nl
Orange Juice,info@orange-juice.nl
PANGAEA,bas.kroontje@pangaea.nl
Partout digital native agency,robert@partout.nl
Powerkraut,projectmanagement@powerkraut.nl
Puurpxl,darja.scheffers@puurpxl.nl
Q42,maurice@q42.nl
rb2,marketing@rb2.nl
Redkiwi,info@redkiwi.nl
Redmatters,info@redmatters.com
Reversed Digital,terence@reverseddigital.com
ROX,info@rox.nl
Sition,michel.doens@sition.nl
Snakeware,DDA@snakeware.nl
Sping,j.verdonk@sping.nl
SQLI Digital Experience,fpijls@sqli.com
SteamTalmark,hallo@talmark.nl
Stijlbreuk,jeroen@stijlbreuk.nl
Stimmt,hello@stimmt.digital
Strix,stephanie.muller@strix.net
Stuurlui,accounts@stuurlui.nl
Sumedia,arthur@sumedia.nl
Supercharge,hanspieter@supercharge.io
SWIS,vdemol@swis.nl
Synetic,Esmee.wildbret@synetic.nl
The Brink Agency,simon@thebrinkagency.com
The Digital Club,fabiangiger@thedigitalclub.nl
Thesio,info@thesio.eu
TOON,ralph@toon.nu
TRES,webmarketing@tres.nl
TRIMM,Hr@trimm.nl
Triple,marketing@wearetriple.com
TrueLime,regina.schrage@truelime.nl
Unc Inc,floris@uncinc.nl
Us Media,info@usmedia.nl
Uselab,s.arts@uselab.com
Valsplat,hello@valsplat.nl
Valtech,nl.work@valtech.com
Van Ons,robert@van-ons.nl
W3S Digital,info@w3s.nl
WeAreBrain,elvire@wearebrain.com
Webbio,nick@webbio.nl
Webleads,info@webleads.nl
WebNL,hr@webnl.nl
WHITE,info@white.nl
Wirelab,algemeen@wirelab.nl
X-Com B.V.,om@x-com.nl
X-Interactive,info@x-interactive.nl
XSARUS,werkenbij@xsarus.nl
Yard | Digital Agency,info@yard.nl
Your Next Agency,hello@yournextagency.com
Youwe,marketing@youweagency.com
Zuiderlicht,maud@zuiderlicht.nl
